Vallenar,6,582.68,Rye Special Old
Damulog,3,698.06,"Seedlings - Mix, Organic"
Cortezia,10,250.67,Peppercorns - Green
Gramoteino,11,912.74,Wine - Chardonnay Mondavi
Candelária,13,96.76,Cumin - Whole
North Vancouver,12,265.41,Skewers - Bamboo
Vista Hermosa,5,394.19,Straw - Regular
Pataias,3,84.35,Sugar - Brown
Mautapaga Bawah,7,954.7,Orange - Tangerine
Gahe,4,892.5,Napkin Colour
Koniaków,8,746.29,Lotus Root
Az Zulfi,7,167.39,Nantucket - Orange Mango Cktl
Baishi,8,952.98,"Vermouth - White, Cinzano"
Guatire,8,20.54,Food Colouring - Pink
Skoura,3,442.02,Lime Cordial - Roses
Nevers,4,526.09,Sauce Bbq Smokey
Xianghu,13,908.81,Wine - Dubouef Macon - Villages
Obesi,2,316.67,Liners - Baking Cups
Al Mashāf,11,142.26,Scallops 60/80 Iqf
Haukivuori,2,24.01,Cheese - Roquefort Pappillon
El Calvario,7,752.06,Paper - Brown Paper Mini Cups
Muang Phôn-Hông,5,96.84,Shrimp - Tiger 21/25
Plavsk,14,165.24,Tea - Herbal Orange Spice
Dubki,15,423.55,Crackers - Trio
Boshkengash,5,15.09,Mix - Cappucino Cocktail
Shakhun’ya,15,836.72,Cream - 10%
Shuhong,2,613.44,"Shrimp - 16/20, Iqf, Shell On"
Madalum,4,481.47,"Mop Head - Cotton, 24 Oz"
Pengxing,10,140.14,Anchovy In Oil
Bangil,2,787.2,"Ice - Clear, 300 Lb For Carving"
Oulad Frej,9,930.31,"Sauce - Black Current, Dry Mix"
Ústí nad Labem,13,957.07,Soup - Campbells Mushroom
Glafirovka,12,373.58,Onion Powder
Fengzhou,4,206.83,Tea - Lemon Scented
Shanling,14,751.16,Cup - 4oz Translucent
Dagkar,13,353.95,Soup - Campbells Pasta Fagioli
Dollard-Des Ormeaux,9,156.99,Grapes - Black
Tall Rif‘at,2,898.49,Tomato Puree
Sevsk,14,343.97,Bread - Italian Roll With Herbs
Longxing,1,437.21,Salad Dressing
Karang,13,277.79,Triple Sec - Mcguinness
Salvacion,1,636.87,Water - Spring Water 500ml
Lubao,1,736.92,Croissants Thaw And Serve
Nūr,15,397.1,Gelatine Powder
Bianba,4,937.03,Arizona - Green Tea
Saint Louis,13,650.09,Wine - Saint Emilion Calvet
Oslo,4,872.49,Coffee Cup 12oz 5342cd
Uddevalla,3,11.91,Wine - Crozes Hermitage E.
Tidili Mesfioua,13,444.82,Wood Chips - Regular
Sigeng,3,553.58,Turkey - Ground. Lean
Youzai,4,586.97,Mangostein
Santo António,10,754.18,Dasheen
Dagsar,15,737.4,"Potatoes - Purple, Organic"
Záhorovice,7,538.55,Jameson - Irish Whiskey
Chonghe,10,552.79,Seabream Whole Farmed
Kylmäkoski,3,149.61,Lettuce - Spring Mix
Haukipudas,6,725.04,Squash - Sunburst
Bom Jesus da Lapa,13,157.03,Lighter - Bbq
São Miguel do Iguaçu,3,31.86,"Pail - 15l White, With Handle"
Corinto,10,885.55,Wine - Zinfandel California 2002
Fargo,14,684.89,Paper Towel Touchless
Jam,8,147.65,"Chicken - Diced, Cooked"
Buena Vista,9,724.69,Beer - Molson Excel
Picoto,6,305.22,Ice Cream Bar - Oreo Cone
Borås,3,449.86,Truffle Cups - White Paper
Terawas,11,954.94,Melon - Honey Dew
Kozyatyn,14,506.75,Octopus
Dukuhmencek Lor,4,469.92,Squash - Butternut
Monção,11,766.12,Sauce - Ranch Dressing
San José,4,267.28,"Wine - Red, Colio Cabernet"
Obeliai,13,854.28,Crab Brie In Phyllo
Massenya,1,189.79,Bouillion - Fish
Shazhuang,2,527.66,Squid U5 - Thailand
Albarraque,3,667.23,"Cheese - Mozzarella, Shredded"
Pindi Bhattiān,14,717.14,Chinese Foods - Pepper Beef
Jiufeng,14,96.77,Beer - Heinekin
Bato,5,159.81,Apple - Royal Gala
Houmt Souk,7,872.2,Chips Potato Salt Vinegar 43g
Khong,7,823.42,Apron
Miguel Calmon,1,115.21,Chicken - Whole Roasting
Bzou,10,584.02,"Bread - Bagels, Mini"
Nanzhai,11,907.19,Foie Gras
Västerås,2,693.1,V8 - Vegetable Cocktail
Khayr Kōṯ,13,701.57,Pepper - Red Thai
Wisła,9,213.54,Bay Leaf Fresh
Noeltoko,3,675.38,Bread - Calabrese Baguette
Arkalyk,14,90.95,Gherkin - Sour
Daixi,7,504.56,Mangoes
Gorgān,13,67.3,"Split Peas - Green, Dry"
San Lucas Tolimán,14,717.75,Potatoes - Idaho 80 Count
Xinshi,5,598.37,Peach - Halves
Pampas,8,138.05,Lid Coffee Cup 8oz Blk
Waina,8,719.31,Yukon Jack
Badrah,10,496.15,"Nut - Almond, Blanched, Ground"
Kotlyarevskaya,15,489.55,Squash - Sunburst
Savonlinna,5,799.61,Mussels - Frozen
Baqiu,2,414.64,"Pasta - Lasagna, Dry"
Sylhet,8,515.31,Wine - Pinot Noir Latour
Jianli,12,157.09,Piping - Bags Quizna
Núi Sập,10,842.07,Greens Mustard
Irshava,4,681.56,Veal - Nuckle
Qingkenpao,8,236.9,Cheese - Gouda Smoked
Nanggela,10,333.46,"Wine - Saint - Bris 2002, Sauv"
Cuauhtemoc,12,86.8,Beef - Short Ribs
Alikalia,7,833.45,Soup Campbells
Kedungbang,6,637.91,Fennel
Unawatuna,9,712.49,Rabbit - Legs
Masingbi,6,584.85,Flour - Strong
Dongshi,2,420.8,Onions - Pearl
Erími,14,276.7,Soup V8 Roasted Red Pepper
El Cantón de San Pablo,5,333.51,Veal - Sweetbread
Jizhou,4,511.19,Coconut - Whole
Gjoa Haven,12,276.69,"Octopus - Baby, Cleaned"
Soledar,11,79.78,"Fish - Base, Bouillion"
Jiujiang,6,356.76,Wine - Muscadet Sur Lie
Watangan,5,704.7,Bag Clear 10 Lb
Angochi,6,810.45,Bagel - Everything Presliced
São Domingos do Maranhão,7,496.04,Bread - Crusty Italian Poly
Solânea,7,896.92,Cake - Dulce De Leche
Sete Cidades,11,86.55,Cardamon Seed / Pod
Taihu,1,77.59,Muffin Batt - Carrot Spice
Pellegrini,10,119.58,"Pork - Bacon, Sliced"
Rubik,3,700.01,Garbage Bags - Clear
Mehendiganj,10,215.64,Molasses - Fancy
General Manuel J. Campos,7,610.54,"Pineapple - Canned, Rings"
Zapod,13,557.13,Fond - Neutral
Pamoyanan,12,868.23,"Soup - French Onion, Dry"
Krzanowice,15,773.39,Sherbet - Raspberry
Garešnica,14,584.78,Bread - Pain Au Liat X12
Loakulu,6,713.23,Ecolab - Balanced Fusion
Nong Yasai,13,648.11,Wine - Marlbourough Sauv Blanc
Santa Rosa de Lima,7,932.92,Cheese - Gorgonzola
Sebeta,5,823.59,Squash - Sunburst
Laventille,4,279.65,Tamarind Paste
Wakaseko,8,10.03,"Tendrils - Baby Pea, Organic"
Huntington,15,889.66,Lamb Leg - Bone - In Nz
Cikulahan,15,505.9,Wine - Hardys Bankside Shiraz
Būrewāla,14,489.0,Truffle - Peelings
Dhrosiá,8,358.81,English Muffin
Pīrgaaj,11,102.7,Milkettes - 2%
Novhorodka,3,439.1,Island Oasis - Sweet And Sour Mix
Cimahi,7,441.35,Strawberries
Zhutuo,13,759.28,Lychee - Canned
Bayrachky,12,625.36,Cafe Royale
Berlin,15,139.66,Pancetta
São Martinho,8,589.49,Potatoes - Yukon Gold 5 Oz
Santyoku,3,821.38,Mushroom - Crimini
Wichit,6,920.46,"Flour - Buckwheat, Dark"
Puerto Guzmán,8,119.39,"Artichokes - Knobless, White"
Modderfontein,10,175.33,"Lettuce - Mini Greens, Whole"
Olho Marinho,6,83.98,Longos - Greek Salad
Manzherok,11,351.58,"Lamb - Loin, Trimmed, Boneless"
Repušnica,4,264.69,Juice - Mango
Yonggu,9,547.44,Flour - Strong Pizza
Huifa,14,134.15,Squid U5 - Thailand
Saniwonorejo,1,179.33,"Croissant, Raw - Mini"
Atafu Village,13,887.21,Foam Dinner Plate
Cipinang,14,496.96,Bouillion - Fish
Garden Grove,1,639.23,Smirnoff Green Apple Twist
Boafeo,3,130.3,Veal - Slab Bacon
Nusajaya,15,425.94,"Pork - Bacon,back Peameal"
Montalvão,14,444.18,Chicken - Bones
Zhoujia,10,407.45,Cheese - Gouda Smoked
Zhuxi Chengguanzhen,6,722.32,Veal - Eye Of Round
Ogden,12,211.34,Spice - Montreal Steak Spice
Bacnor East,8,580.67,Potatoes - Mini Red
Abbottābād,8,812.48,Soup Campbells Split Pea And Ham
Pousada,3,514.61,Wine - Delicato Merlot
Luleå,11,160.68,The Pop Shoppe - Lime Rickey
Côn Sơn,9,640.71,Cheese - Goat With Herbs
Citundun,11,475.22,"Oranges - Navel, 72"
Campo Grande,6,651.2,Canada Dry
Oslo,8,528.7,Magnotta - Bel Paese White
Ait Ali,4,38.29,"Vermacelli - Sprinkles, Assorted"
Las Tejeras,10,912.18,White Fish - Filets
Bor,11,48.28,Wine - Balbach Riverside
Huntington Beach,14,335.3,Tumeric
Carson City,14,650.48,Olive - Spread Tapenade
Siemianowice Śląskie,7,670.46,"Beef - Baby, Liver"
Leicheng,6,100.93,Potatoes - Fingerling 4 Oz
Dongyangzhen,7,39.93,V8 Splash Strawberry Kiwi
Ping’an,1,638.4,Bread - Onion Focaccia
Cisasak,14,589.17,Fork - Plastic
Néa Flogitá,2,338.67,Pork Ham Prager
Działdowo,1,744.33,"Bread - Sticks, Thin, Plain"
Sūrān,13,837.62,"Lamb - Shoulder, Boneless"
Qvareli,7,200.08,Calypso - Strawberry Lemonade
Agalteca,7,198.21,Oven Mitt - 13 Inch
Vinkkilä,10,58.85,Roe - White Fish
Shengtang,12,61.65,Flour - All Purpose
Fonadhoo,2,485.17,Syrup - Pancake
Piteå,7,266.64,Mangostein
Palangan,1,758.89,Sterno - Chafing Dish Fuel
Arujá,15,616.63,"Beans - Turtle, Black, Dry"
Purwokerto,6,797.55,Cheese Cloth
Ekasapta,3,645.98,Oil - Peanut
Birigui,4,941.98,Wine - Touraine Azay - Le - Rideau
Maomiaoji,6,155.25,"Beans - Turtle, Black, Dry"
Karakul’,7,948.55,Rice - Sushi
Taunggyi,1,212.94,Paper Cocktail Umberlla 80 - 180
Awka,5,280.75,"Nestea - Ice Tea, Diet"
Mandala,11,85.54,Cookie Dough - Chocolate Chip
Wengtian,3,93.61,"Gin - Gilbeys London, Dry"
Kui Buri,2,302.05,Sauce - Balsamic Viniagrette
Xindian,5,328.55,Prunes - Pitted
Shanjie,6,374.6,Tahini Paste
Mamer,1,119.85,Vinegar - White Wine
Hamilton,12,775.69,"Veal - Inside Round / Top, Lean"
Créteil,8,730.62,Chocolate Liqueur - Godet White
Nezamyslice,2,590.76,Broom And Brush Rack Black
San Remigio,12,78.24,Milk - 1%
Uppsala,2,652.37,"Sauce - Gravy, Au Jus, Mix"
Halden,4,616.49,Jameson Irish Whiskey
Mauponggo,4,740.82,"Orange - Canned, Mandarin"
Tianning,12,710.59,Lamb - Loin Chops
Alvesta,9,56.44,Pastry - Mini French Pastries
Parque Industrial,13,948.81,Danishes - Mini Cheese
Sukoreno,3,552.47,"Water - Mineral, Natural"
Registro,10,917.22,Cheese - St. Andre
Gangkou,4,416.43,Carbonated Water - Blackberry
Sombor,10,961.63,Compound - Strawberry
Andahuaylas,7,407.36,"Wine - Red, Gamay Noir"
Concordia,14,224.72,Oneshot Automatic Soap System
Velyki Mezhyrichi,5,943.22,Flavouring - Raspberry
Saint-Pierre,6,119.98,Salmon Steak - Cohoe 8 Oz
Dodola,11,951.89,"Veal - Brisket, Provimi,bnls"
Yakovlevskoye,3,322.14,Beef - Cow Feet Split
Belfast,3,283.25,Cheese - Roquefort Pappillon
Fenshui,1,733.69,Wine - Niagara Peninsula Vqa
Cournon-d'Auvergne,5,752.14,Wine - Piper Heidsieck Brut
Sanhe,3,845.67,Table Cloth - 53x69 Colour
Clisson,10,49.34,Cheese - Stilton
Samālūţ,7,83.01,Dragon Fruit
Huité,13,99.73,"Pasta - Fettuccine, Dry"
Sankt Lorenzen im Mürztal,8,855.64,Okra
San Marcelino,6,788.39,"Chocolate - Semi Sweet, Calets"
San Miguel de Cauri,11,874.53,Beans - Yellow
Biao,15,941.2,Wooden Mop Handle
Néa Plágia,6,955.47,"Basil - Primerba, Paste"
Blon’,12,658.46,Quinoa
Longxi,9,90.32,Olives - Morracan Dired
Palca,10,334.5,"Artichokes - Knobless, White"
Gandiaye,4,449.44,Arizona - Green Tea
Aranguren,1,169.86,"Cup - 6oz, Foam"
Semarapura,11,675.33,"Soup - Canadian Pea, Dry Mix"
Perelyub,15,961.06,"Syrup - Monin, Irish Cream"
Lianzhu,11,224.53,Grapes - Red
Zhaike,8,879.86,Burger Veggie
Wuchagou,7,450.97,Puree - Passion Fruit
Daytona Beach,15,430.12,Pork - Liver
Vaiusu,13,59.47,Wine - Peller Estates Late
Obernai,12,689.38,"Syrup - Monin, Amaretta"
Tafí Viejo,13,409.83,"Wine - White, Schroder And Schyl"
Hoxtolgay,11,238.33,Rum - Mount Gay Eclipes
Asahi,6,66.24,Salmon - Sockeye Raw
Umeå,9,835.97,Beer - Guiness
Guxian,1,595.35,Red Currants
Buffalo,4,724.26,Soupfoamcont12oz 112con
Kongjiafang,4,952.42,"Pepper - Black, Ground"
Nakanojōmachi,3,588.57,Cake - Pancake
Pisangkemeng,3,768.76,Celery Root
Juan de Acosta,12,271.34,Wine - Riesling Dr. Pauly
Luzon,7,481.34,Longos - Lasagna Veg
Kretinga,3,802.0,Pastry - Lemon Danish - Mini
Montréal-Ouest,15,804.65,Spice - Onion Powder Granulated
Zhengwan,15,683.75,Beans - Fava Fresh
Sao Hai,10,530.34,Lamb - Ground
Asempapan,9,103.02,Cake Slab
Houk,8,102.21,"Crab - Claws, 26 - 30"
Sanguinheira,13,562.7,Saskatoon Berries - Frozen
Ljungby,5,333.97,Broom And Brush Rack Black
Qingu,6,180.25,"Yogurt - Banana, 175 Gr"
Krajan Alasdowo,10,363.96,Wine - Magnotta - Belpaese
Labin,5,947.29,"Coffee - Colombian, Portioned"
Zungeru,13,204.62,Capers - Pickled
Cibingbin,4,497.45,Kiwi Gold Zespri
Guri i Zi,13,736.07,Sherry - Dry
Lady Frere,4,836.29,Bread Fig And Almond
Orekhovo-Borisovo Severnoye,8,528.35,Cheese - Victor Et Berthold
Samothráki,6,646.38,Ocean Spray - Kiwi Strawberry
Şaydnāyā,14,686.01,Melon - Watermelon Yellow
Lysice,10,450.56,Crab Meat Claw Pasteurise
Kalidawe,2,894.87,Soup Campbells Beef With Veg
Gīvī,8,701.68,Bread - English Muffin
Komatsu,7,778.4,Icecream Cone - Areo Chocolate
Xigebi,8,967.11,Onions - Cooking
Kurikka,12,882.28,Skewers - Bamboo
Lo Prado,6,13.01,Bouillion - Fish
Wrząsowice,8,589.04,Bagel - 12 Grain Preslice
Cibeusi,12,383.31,Butter Ripple - Phillips
Santo Niño,11,322.95,Melon - Watermelon Yellow
Nizhneivkino,15,650.2,Spice - Onion Powder Granulated
Beishidian,14,410.43,Glass - Juice Clear 5oz 55005
Pesnica pri Mariboru,5,520.43,Carrots - Mini Red Organic
Stockholm,14,618.8,Sobe - Lizard Fuel
Allen,9,85.32,Passion Fruit
Port Said,9,595.18,Pie Box - Cello Window 2.5
Nansan,13,295.74,Dehydrated Kelp Kombo
Dame-Marie,1,366.26,"Cake Circle, Foil, Scallop"
Newcastle,10,30.02,Beef - Striploin
Dabola,10,708.46,Mortadella
Kendal,7,347.32,Chips Potato Swt Chilli Sour
Padaran,10,737.52,Water - Perrier
Karangcombong,3,307.43,"Chicken - Breast, 5 - 7 Oz"
Kanashevo,12,599.81,"Wine - Niagara,vqa Reisling"
Margara,4,967.55,Bacon Strip Precooked
Pregonero,12,537.6,Kohlrabi
Kimakamak,1,927.75,Yoplait Drink
Pazin,9,61.52,Cinnamon Rolls
Пласница,2,76.05,Wine - Casablanca Valley
Firovo,10,225.94,Chervil - Fresh
Charenton-le-Pont,1,491.58,Pasta - Ravioli
Vose’,10,333.38,Puree - Mango
Pereira,1,788.97,Saskatoon Berries - Frozen
Huayan,8,525.94,Chick Peas - Dried
Krivyanskaya,5,422.76,Chinese Lemon Pork
Nkandla,9,93.48,"Pasta - Spaghetti, Dry"
Deskáti,1,53.58,Sunflower Seed Raw
Norakert,13,159.19,"Chilli Paste, Hot Sambal Oelek"
Banjar Susut Kaja,4,628.89,Wine - German Riesling
Casal da Anja,6,631.53,Apple - Royal Gala
Rozhniv,11,718.67,"Lid - 10,12,16 Oz"
Cikole,7,757.77,Containter - 3oz Microwave Rect.
Nam Phong,11,899.58,Juice - V8 Splash
Grujugan,11,775.13,Mcguinness - Blue Curacao
São Tomé,11,134.57,Jam - Raspberry
San Vicente,4,560.78,"Lemonade - Island Tea, 591 Ml"
Koygorodok,12,734.21,"Tortillas - Flour, 10"
Rouen,10,946.94,Vanilla Beans
Jiufeng,4,930.95,Rice - 7 Grain Blend
Fukayachō,10,880.53,Mustard - Seed
Mandala,3,344.47,"Pork - Loin, Bone - In"
Mandalt,3,171.79,Chocolate - Unsweetened
Songshan,13,875.32,Wine - Peller Estates Late
Chonogol,15,900.43,"Pepsi, 355 Ml"
Rajapeni,10,20.42,Skirt - 29 Foot
Duifang,10,788.24,Muffin - Mix - Strawberry Rhubarb
Santo Domingo,4,192.46,Shiro Miso
Jingshan,7,746.27,Spice - Peppercorn Melange
Maevatanana,4,835.28,Cauliflower
Tuxi,9,260.28,Beef - Eye Of Round
Caspisapa,2,118.2,Danishes - Mini Cheese
Laau,10,90.18,Apricots - Dried
Sabnova,4,184.25,Flower - Daisies
Piuí,2,213.01,Carbonated Water - Raspberry
Kabul,7,469.01,Sprouts - Onion
Luoting,2,727.85,"Nut - Cashews, Whole, Raw"
Umeå,4,187.36,Bread - Sour Batard
Fort Lauderdale,5,220.01,"Liqueur Banana, Ramazzotti"
Rukunlima Bawah,3,379.82,"Pasta - Fettuccine, Dry"
Hostomice,6,78.06,"Napkin - Dinner, White"
Dachuan,10,499.98,"Pepper - Paprika, Spanish"
Navegantes,5,444.68,"Veal - Insides, Grains"
Krupka,8,714.34,Beer - Sleemans Honey Brown
Qingliu,2,904.69,Sping Loaded Cup Dispenser
Barra,6,526.44,Bagelers - Cinn / Brown
Abay,8,673.74,Lamb Tenderloin Nz Fr
Portelândia,7,419.85,Ice Cream - Vanilla
Piketberg,6,408.8,Ginsing - Fresh
Gómez,11,958.01,Anisette - Mcguiness
Manorhamilton,10,847.59,Wine - Chateauneuf Du Pape
Wukari,13,930.08,Oil - Hazelnut
Qalaikhumb,13,318.04,Cleaner - Bleach
Malaya Dubna,3,402.98,Hold Up Tool Storage Rack
Yongning,12,618.36,Wood Chips - Regular
Staraya Kulatka,7,531.17,Jameson Irish Whiskey
Katwijk,14,528.47,Beef Cheek Fresh
Hayama,15,727.99,Herb Du Provence - Primerba
Punata,8,127.53,V8 - Berry Blend
Maco,15,470.31,Flour - Fast / Rapid
De la Paz,2,334.6,Flower - Commercial Spider
Lijiazui,9,473.73,Foam Espresso Cup Plain White
Jiangqiao,1,68.86,Cheese - Cream Cheese
Baruta,7,346.44,Longos - Cheese Tortellini
München,13,605.21,Lid Coffeecup 12oz D9542b
Vicente Guerrero,14,421.62,Soup - Campbells Mac N Cheese
Rio Claro,10,723.82,"Mushroom - Enoki, Fresh"
Praia da Vitória,13,710.09,"Pasta - Cappellini, Dry"
Reckange-sur-Mess,7,592.77,Onions - Red Pearl
Albuquerque,5,200.08,Oil - Sunflower
Gardinovci,7,686.86,Blackberries
Chicago,15,815.91,Danishes - Mini Raspberry
Chaoyangdong,8,583.27,Apricots - Dried
Rogóźno,5,404.45,Wine - Fino Tio Pepe Gonzalez
's-Hertogenbosch,9,722.69,Crawfish
Al Muţayrifī,11,141.46,Mountain Dew
Lucma,14,23.22,Pumpkin
Lin’an,2,21.78,Goat - Leg
Tualangcut,14,724.97,Wiberg Super Cure
Paamiut,9,181.54,Ice Cream Bar - Hagen Daz
San Basilio,11,847.4,Wood Chips - Regular
Narowlya,14,647.62,Table Cloth 81x81 Colour
Nanjiao,13,413.96,Chick Peas - Dried
Ipala,12,593.52,Bread - Burger
Bidikotak,13,379.83,"Schnappes - Peach, Walkers"
Isawa,7,427.64,"Cheese - Havarti, Salsa"
Kuala Lumpur,11,542.04,"Pepsi - Diet, 355 Ml"
Maisons-Alfort,11,915.52,Table Cloth 54x72 Colour
Adjumani,8,381.27,"Potatoes - Yukon Gold, 80 Ct"
Taosha,3,736.54,Sansho Powder
Bassar,15,132.63,Pepper - Green Thai
Nova Friburgo,9,587.72,Flower - Commercial Bronze
Porto Alegre,1,826.87,Pails With Lids
Sukamaju Kidul,9,382.07,"Lobster - Tail, 3 - 4 Oz"
Nancha,7,947.16,Cranberries - Fresh
El Zulia,6,421.75,Table Cloth 53x53 White
Tubli,15,402.93,Sultanas
Fudian,14,253.08,Cake Slab
Lagangilang,14,415.4,Quail - Jumbo
Huangbu,14,570.4,Ginger - Pickled
Blagoveshchensk,6,849.8,"Beans - Long, Chinese"
Shalinskoye,15,585.53,"Peas - Pigeon, Dry"
Sarae,15,619.74,Ice Cream - Fudge Bars
Ciawi,15,290.1,Pepper - Cayenne
Lusk,7,322.28,Corn - Mini
Uzunovo,15,563.87,Muffin Chocolate Individual Wrap
Padasono,3,206.88,Cocoa Powder - Dutched
Santaluz,11,746.59,Boogies
Dongdajie,15,787.76,"Oil - Truffle, White"
Zhouyuan,11,288.51,"Tart Shells - Barquettes, Savory"
Krajansumbermujur,2,735.77,"Coke - Classic, 355 Ml"
Maclear,5,297.04,Alize Red Passion
Semikarakorsk,2,67.46,Parsley - Dried
Businovo,11,560.66,Beef - Top Butt
Conchucos,3,649.55,Red Pepper Paste
Neochórion,7,507.83,"Soup - Campbells, Minestrone"
Altares,10,770.75,Soup - Base Broth Beef
Taketoyo,14,647.46,Paper - Brown Paper Mini Cups
Delcevo,2,376.6,"Tortillas - Flour, 10"
Miao’ertan,10,675.28,Trueblue - Blueberry
Hamanoichi,5,554.2,Kaffir Lime Leaves
Fougamou,7,136.55,Salmon Steak - Cohoe 8 Oz
San Jose,15,748.52,Scallops - Live In Shell
Dasha,10,572.68,"Schnappes - Peach, Walkers"
Solna,8,353.18,Table Cloth 120 Round White
Pokrovskoye,14,423.83,Sauce - Balsamic Viniagrette
Chemnitz,7,575.24,Vinegar - Rice
Yarang,6,237.93,Coffee Decaf Colombian
Ndewel,15,61.09,Juice - Ocean Spray Kiwi
Baishi,11,764.76,Wine - Cousino Macul Antiguas
Bulawayo,15,334.84,Cheese Cloth
Tiglauigan,6,228.31,"Crab - Dungeness, Whole, live"
Lazaro Cardenas,9,417.95,"Bread - Pumpernickle, Rounds"
Ōhara,12,34.08,Arizona - Green Tea
Kafr Thulth,8,718.35,"Pesto - Primerba, Paste"
Tapacocha,7,659.36,Wine - Chardonnay South
Krajan Alasdowo,11,721.32,"Cheese - Havarti, Salsa"
Al Mawşil al Jadīdah,9,480.36,Cinnamon - Stick
Netanya,7,476.75,Beef - Prime Rib Aaa
Farroupilha,14,668.3,Soup - French Onion
Jinbo,11,660.16,Chinese Foods - Cantonese
Weton,2,160.94,Seabream Whole Farmed
Mengmeng,12,277.6,Tart - Butter Plain Squares
Nong Bua Lamphu,9,65.18,Veal - Provimi Inside
Oras,9,876.87,Ice Cream - Vanilla
Puhechang,8,428.18,"Glass - Wine, Plastic, Clear 5 Oz"
Noyelles-sous-Lens,5,194.0,Kellogs Special K Cereal
Laohugang,15,193.03,Coffee - Espresso
Zhengji,8,184.87,Syrup - Pancake
Yantai,8,710.56,"Flour - Bran, Red"
Lufang,15,257.7,Jerusalem Artichoke
Port Nolloth,11,223.05,Ostrich - Fan Fillet
Yegor’yevsk,15,846.61,Plasticspoonblack
Naga,14,307.66,Syrup - Chocolate
Solna,11,590.85,Sobe - Liz Blizz
Bologna,11,405.74,Sugar - Invert
Destrnik,5,590.39,Oregano - Fresh
Balazar,15,800.88,"Lamb - Whole Head Off,nz"
Patrol,15,377.99,Cheese - Cambozola
Yamango,9,653.34,Olives - Morracan Dired
El Plan,14,467.33,Tuna - Fresh
Batangan,13,248.61,"Juice - Grapefruit, 341 Ml"
Santa Fe,7,657.3,Scampi Tail
Chernukha,10,37.12,Soup - Verve - Chipotle Chicken
Marcabal,15,748.0,Water - Green Tea Refresher
Mabai,6,144.79,Beets
Nevinnomyssk,9,588.78,Nantucket - Pomegranate Pear
Białobrzegi,11,288.2,Lettuce - Green Leaf
Monaragala,14,613.02,"Rum - Light, Captain Morgan"
Lolodorf,2,319.95,Sage Ground Wiberg
Dostoyevka,14,380.87,Wine - Cabernet Sauvignon
Höganäs,13,778.82,Rum - Mount Gay Eclipes
Cipunglu,15,934.88,Bagel - Plain
Nizhnekamsk,7,67.94,Lid - 0090 Clear
Cergy-Pontoise,1,34.64,Sproutsmustard Cress
Manding,13,562.29,Parsley - Dried
Jilma,14,394.48,Sauce - Demi Glace
Mangulile,8,748.55,Blueberries
Shahrak,10,753.36,Jameson Irish Whiskey
Dijon,1,744.04,Oil - Grapeseed Oil
Hua Sai,6,109.96,Mackerel Whole Fresh
Korsze,13,108.13,Ice Cream - Life Savers
Ambatolampy,4,916.83,Wine - Lou Black Shiraz
Venda Nova,12,98.62,Pastry - Key Limepoppy Seed Tea
Castleblayney,9,862.06,Wine - Carmenere Casillero Del
Lijia,13,319.32,Cookies - Fortune
Yuanhou,5,486.09,Pepper - Red Chili
Ruihong,1,417.28,Mikes Hard Lemonade
Keyinhe,15,354.9,Chips Potato Reg 43g
La Cueva,8,676.34,"Pork - Chop, Frenched"
Berezniki,4,828.49,"Jam - Raspberry,jar"
Vetrino,11,309.86,Bandage - Fexible 1x3
Sundsvall,4,459.25,Greens Mustard
Pato Branco,9,105.7,Baking Powder
Bīrganj,9,132.15,"Beef - Rouladin, Sliced"
Ditang,7,713.48,Shrimp - Black Tiger 6 - 8
Aldeia de Juzo,3,446.66,Cleaner - Comet
Seteluk Tengah,7,522.13,Zucchini - Green
Sobradinho,5,910.42,Syrup - Monin - Blue Curacao
Wangjiaping,7,454.01,Persimmons
Bella Vista,5,654.67,Crab - Imitation Flakes
Maymana,5,951.39,"Pepsi, 355 Ml"
Lieyu,10,17.55,Garbag Bags - Black
Rossosh’,11,90.83,Crab Brie In Phyllo
Lingda,7,585.14,Wine - Port Late Bottled Vintage
Limeiras,12,345.78,Olives - Stuffed
Yangqiao,12,693.95,Muffin Mix - Banana Nut
Plavy,1,690.87,Truffle Paste
Arnage,2,713.52,Versatainer Nc - 9388
Ülken,4,479.37,Ecolab - Hand Soap Form Antibac
Khalīlābād,11,622.87,Snapple - Mango Maddness
Coalaque,12,162.74,Juice - Lime
Cimalati,6,514.5,Bread - Corn Muffaleta Onion
Ljukovo,5,777.94,Taro Leaves
Iwakuni,1,37.9,Oven Mitt - 13 Inch
Vellinge,3,368.27,"Seedlings - Mix, Organic"
Jacksonville,5,494.14,Corn - On The Cob
Aachen,1,826.99,Water - Spring Water 500ml
Victoria West,11,563.4,Beets
Uppsala,4,929.72,Scallops - 20/30
Sigavé,4,382.89,Tomato - Tricolor Cherry
Juntang,8,860.67,Burger Veggie
Beo,3,452.85,Energy Drink
Edéa,6,159.12,Lamb Tenderloin Nz Fr
Cao Thượng,2,358.96,Chinese Foods - Chicken Wing
Suwałki,6,628.25,Duck - Fat
Prado Siongco,11,125.59,Pear - Halves
Abū Zabad,4,537.32,Tequila Rose Cream Liquor
Yampil’,6,368.19,"Nut - Almond, Blanched, Whole"
Góra,10,640.24,"Lentils - Red, Dry"
Pedreira,15,224.1,Wine - Tio Pepe Sherry Fino
Belgorod,11,433.07,Arrowroot
Kokas,13,924.71,Cookie Choc
Lyubeshiv,15,337.0,Grenadine
Prilep,10,268.53,Skirt - 24 Foot
Centro Habana,10,187.75,"Wine - White, Gewurtzraminer"
Haarlem,12,112.99,Bread - Hamburger Buns
Yilongyong,15,416.3,Butter Sweet
Mielec,8,345.72,Sauce - Oyster
Lanchkhuti,15,765.29,Lettuce - Lambs Mash
Łomianki,15,85.93,"Crush - Grape, 355 Ml"
Chaiwan,2,444.95,Cake - Cheese Cake 9 Inch
Minamata,12,465.18,"Lamb - Shoulder, Boneless"
Hukou,14,587.04,Crackers - Melba Toast
Sadar,15,106.86,Okra
Cawayan,4,668.54,Sesame Seed
Yunluo,10,713.89,Scallops - 20/30
Ruihong,9,612.58,Chicken - Wieners
Changuillo,14,820.01,Ketchup - Tomato
Nguluhan,13,956.18,Bar Special K
Pingli,1,429.07,Pork - Smoked Kassler
Ortiga,5,469.94,Cucumber - English
Debar,14,801.88,Mace Ground
Potoni,10,709.0,Sultanas
Gradići,7,131.14,Toothpick Frilled
Eadestown,15,794.91,Wine - Mondavi Coastal Private
Svetogorsk,2,429.42,Lambcasing
Saint-Avold,6,835.43,"Carrots - Mini, Stem On"
Zwolle,10,938.12,Cheese - Pied De Vents
Shangjiangxu,4,167.94,"Nut - Pecan, Halves"
Łękawica,3,476.2,"Nut - Almond, Blanched, Whole"
Wielgie,4,507.5,Longos - Chicken Cordon Bleu
Calilegua,12,761.0,"Wine - Red, Mouton Cadet"
Imrīsh,6,872.51,Beef - Top Sirloin - Aaa
Wenheng,15,478.1,Yogurt - French Vanilla
Turi,5,778.75,"Salmon - Smoked, Sliced"
Pak Phli,13,763.41,Mushroom - Porcini Frozen
Damietta,12,511.1,Tart - Lemon
Larnaca,10,427.46,"Shrimp - Baby, Warm Water"
Gulai,8,608.64,"Juice - Grape, White"
Dongchong,8,475.16,Gelatine Leaves - Bulk
Gayamdesa,8,128.63,Sprouts - Bean
Nusaherang,4,63.49,Ecolab - Ster Bac
Tatsunochō-tominaga,11,714.77,"Cheese - Cheddar, Medium"
San Diego,15,51.02,Icecream Bar - Del Monte
Šenkovec,11,653.22,"Juice - Apple, 1.36l"
Chenghuang,1,131.59,"Pesto - Primerba, Paste"
Nakanojōmachi,8,394.69,Mix Pina Colada
Kelapa,2,698.62,Beer - Heinekin
Prado,7,242.37,Bread Sour Rolls
Sadananya,7,421.21,"Apple - Delicious, Red"
Corroios,3,528.51,"Mushroom - Morels, Dry"
Irving,13,718.14,Wine - Magnotta - Cab Franc
Shentang,9,626.3,Maple Syrup
Gävle,13,454.3,Bouillion - Fish
Panggungrejo,15,690.58,"Beans - Navy, Dry"
Agía Varvára,9,140.67,Vinegar - Balsamic
Szemud,11,632.93,Chips - Miss Vickies
Colmeal,2,764.84,Sage - Rubbed
Xianxi,4,724.56,Veal - Ground
Bremen,2,713.05,Green Scrubbie Pad H.duty
Ehen Hudag,10,672.54,Chocolate - Dark
Monaragala,15,881.23,"Beef - Rib Roast, Cap On"
Letlhakane,11,396.39,"Seedlings - Buckwheat, Organic"
Beicang,11,883.53,Compound - Strawberry
Huangcun,6,369.01,Appetizer - Mango Chevre
Larvik,1,622.8,Cake Slab
Poretskoye,11,814.47,Mushroom Morel Fresh
Bijeli,1,244.83,Mushroom - Lg - Cello
Poligny,10,232.32,Rice - Aborio
Jianping,11,174.79,Salt And Pepper Mix - White
Zabaykal’sk,11,160.86,Scallops 60/80 Iqf
Miaotang,13,225.4,Haggis
Píritu,6,71.77,Squash - Guords
Taldyqorghan,2,322.12,Ecolab - Solid Fusion
Kavýli,10,86.85,Container - Clear 32 Oz
Cishangang,1,570.37,Apple - Northern Spy
Kovilj,11,773.88,Whmis Spray Bottle Graduated
Kolumbug,11,891.36,"Gingerale - Schweppes, 355 Ml"
Spytkowice,2,712.45,"Nut - Chestnuts, Whole"
Chimbote,6,435.84,Wine - Barbera Alba Doc 2001
Podstepki,10,472.91,"Brocolinni - Gaylan, Chinese"
Salantai,9,527.87,Wine - Rosso Del Veronese Igt
Khok Sung,4,735.9,Beans - Wax
Baizhang,8,370.99,Wine - Soave Folonari
Hữu Lũng,5,459.61,Petit Baguette
Jönköping,1,695.57,"Bread - White, Sliced"
Medovene,11,509.46,"Lemonade - Natural, 591 Ml"
Třemošnice,9,901.58,Bread - Italian Corn Meal Poly
Chunhua,14,275.03,"Stock - Chicken, White"
Wangshi,2,592.07,Pastry - Banana Muffin - Mini
Bastia,7,796.43,Raisin - Golden
Taosha,5,858.46,Flower - Carnations
Wuyang,1,521.6,V8 Splash Strawberry Kiwi
Yongledian,15,819.31,Nutmeg - Ground
Lomba,10,772.36,Lid Coffeecup 12oz D9542b
Bulu,15,963.77,Appetizer - Chicken Satay
Kesamben,4,698.94,Flour Dark Rye
Culeng,15,726.19,Beer - Creemore
Raciąż,7,506.15,"Beef - Ox Tail, Frozen"
Erjia,4,257.03,"Nut - Pecan, Pieces"
Tegalrejo,3,184.22,Cranberries - Dry
Krajan Tegalombo,3,690.23,"Tortillas - Flour, 8"
Malabang,6,603.92,Goat - Leg
Walton,2,365.19,Scallops - Live In Shell
Emiliano Zapata,9,402.01,Lettuce - Boston Bib
Shiyu,4,96.58,Energy Drink Bawls
Bébédja,5,539.69,Urban Zen Drinks
Bagacay,3,217.21,Pepper - Scotch Bonnet
Jaroměřice,8,415.72,"Wine - Red, Cabernet Sauvignon"
Cigebrok,3,23.83,Grenadillo
Zhuanqukou,5,965.73,Chicken - Ground
Chamalières,7,33.83,Honey - Comb
Beijiang,4,247.28,Spinach - Packaged
Linköping,7,21.21,"Pepper - White, Whole"
Kupu,9,301.58,Rice Paper
Bolboc,4,847.16,Ocean Spray - Kiwi Strawberry
Khōshī,1,613.2,Tomatillo
Kohtla-Järve,2,916.54,Meldea Green Tea Liquor
Ocaña,14,506.08,"Wine - White, Colubia Cresh"
Janiuay,2,747.46,Bread - Sour Batard
Aḑ Ḑil‘,15,549.32,Eggs - Extra Large
Tafo,15,950.89,Puree - Guava
Villanueva,2,679.76,Watercress
Eschweiler,3,89.78,"Vermouth - Sweet, Cinzano"
Järfälla,4,909.97,Wine - Sake
Pavlogradka,5,399.52,Wine - Two Oceans Sauvignon
Atiquizaya,3,332.52,Dried Figs
Envigado,5,644.17,"Lemonade - Mandarin, 591 Ml"
Liufang,14,455.19,Coffee Beans - Chocolate
Knivsta,10,943.29,"Beef - Rib Roast, Cap On"
Qiuchuan,12,958.42,Lettuce - Iceberg
Gameleira,9,109.18,Truffle Shells - Semi - Sweet
Carayaó,15,785.31,Red Currant Jelly
Inowrocław,12,435.61,"Capon - Breast, Double, Wing On"
Askaniya Nova,8,349.0,Sprouts - Baby Pea Tendrils
Okcheon,9,824.76,Oneshot Automatic Soap System
Dobczyce,14,631.67,Beef - Cow Feet Split
Port Sudan,7,580.11,Soup - Campbells Beef Strogonoff
Tommot,2,707.69,Beets - Golden
Ganxi,2,199.78,"Sauce - Black Current, Dry Mix"
Kadusirung Hilir,8,180.89,Cups 10oz Trans
Pazarić,1,371.6,Bag Clear 10 Lb
Karangnongko,9,676.87,"Pasta - Lasagne, Fresh"
Pasirgaru,2,797.74,Gloves - Goldtouch Disposable
Kabare,2,916.45,Ham - Virginia
Paghmān,8,804.74,Currants
Wangunjaya,10,584.49,Whmis Spray Bottle Graduated
Tanahwulan,3,87.03,Truffle - Peelings
Lubomierz,13,47.15,Wine - George Duboeuf Rose
Peski,9,342.44,Okra
Bailuquan,14,881.49,Truffle - Peelings
Banjar Sebual,5,789.35,Pear - Packum
Banjiang,2,172.86,Flour - Masa De Harina Mexican
Ketawang,7,790.13,Vaccum Bag - 14x20
Varser,13,303.28,Longos - Chicken Cordon Bleu
Åhus,14,49.98,"Juice - Clam, 46 Oz"
Rencun,1,791.69,Sesame Seed
Ciangir,12,234.22,Tea - English Breakfast
Rizó,15,18.84,Chinese Foods - Thick Noodles
Infanta,5,215.01,Wine - Beringer Founders Estate
Queimados,11,769.21,Sea Bass - Fillets
Dopang,3,672.11,Apple - Royal Gala
Kamiiso,1,812.84,"Soup - Campbells, Classic Chix"
Briteiros Santa Leocádia,9,209.54,Oil - Margarine
Tupsan,8,176.51,Chicken - Whole
Taoyuan,13,17.39,"Tomatoes - Vine Ripe, Red"
Paranavaí,8,553.19,Muffins - Assorted
Dinskaya,9,515.39,Calypso - Black Cherry Lemonade
Konstantynów,5,904.08,Sping Loaded Cup Dispenser
Pamiątkowo,1,12.08,Bread Crumbs - Panko
San Carlos,2,568.57,Parsnip
Pocsi,12,96.03,Sausage - Chorizo
Pacucha,9,797.13,Juice - Ocean Spray Cranberry
La Unión,12,651.39,Tart - Pecan Butter Squares
Olyshivka,7,190.37,Sage - Rubbed
Peterhof,12,536.53,"Lemonade - Mandarin, 591 Ml"
Ávato,8,101.77,Dried Figs
Stockholm,5,217.4,Cheese - St. Paulin
Comilla,9,81.54,Sugar - Fine
Chivhu,6,531.44,"Squash - Pattypan, Yellow"
Tignoan,10,729.02,Chicken Giblets
Nam Khun,7,816.54,Hipnotiq Liquor
Villa Bisonó,6,429.7,"Tortillas - Flour, 10"
Alpiarça,5,495.68,Food Colouring - Blue
Ayna,9,709.17,Flour - Masa De Harina Mexican
Ngadri,10,439.05,Wine - Barossa Valley Estate
Taboc,6,680.18,Scampi Tail
Yong’an,15,436.0,Garam Masala Powder
Huanglian,2,506.68,Limes
Cadiz,12,773.62,Beef - Short Ribs
Orlovat,2,119.15,Pastry - Key Limepoppy Seed Tea
Chipata,2,25.61,Brandy Apricot
Lumbang,4,952.51,Muffin - Mix - Mango Sour Cherry
Gaoshan,14,284.71,Bread - Sour Batard
Changting,15,496.14,Pepper - Sorrano
Huating,12,62.9,Chips Potato Reg 43g
Sędziejowice,8,382.63,Wine - Tio Pepe Sherry Fino
Tamahú,6,704.69,Alize Red Passion
Tentúgal,1,824.0,"Pepper - Paprika, Hungarian"
Chrząstowice,9,747.97,Wine - Riesling Dr. Pauly
Chesma,15,88.94,Pork - Hock And Feet Attached
Qingshanhu,8,633.14,Table Cloth 54x54 White
Nunutba,9,750.97,"Gin - Gilbeys London, Dry"
Sever do Vouga,12,884.56,Bread - Petit Baguette
Uyo,9,613.22,Cinnamon - Stick
Dongying,6,119.25,Cheese - Parmesan Grated
Xiaolan,12,484.79,Vinegar - Cider
Penha Longa,2,739.13,Cheese - Feta
Głogówek,2,469.61,Vinegar - Cider
Sarajevo,5,303.72,Tahini Paste
Santa Clara La Laguna,4,554.34,Southern Comfort
Wangge’ertang,11,633.96,Anchovy Paste - 56 G Tube
Xinminxiang,7,679.05,Chicken Giblets
Margara,15,95.31,Muffin Orange Individual
Igbor,5,411.54,Venison - Ground
Niederanven,9,417.53,Soup - Chicken And Wild Rice
Huayuan,3,331.84,"Wine - Magnotta, White"
Świętajno,11,89.15,Compound - Raspberry
Wilmington,8,750.83,Pork - Bacon Cooked Slcd
Yangchun,6,67.76,Butter Ripple - Phillips
Polo,12,688.73,Cornish Hen
Tanalt,7,210.03,"Pasta - Fett Alfredo, Single Serve"
Padang,6,639.69,Vanilla Beans
Estância,13,865.76,Pasta - Cheese / Spinach Bauletti
Ojos de Agua,9,57.65,Calypso - Pineapple Passion
Pho Thong,3,206.79,Pepper - Gypsy Pepper
Mitry-Mory,15,298.35,Pomello
Granadero Baigorria,9,600.53,"Juice - Tomato, 48 Oz"
Pardelhas,2,816.72,Kumquat
Vila Franca do Campo,3,17.32,Pork - Suckling Pig
Zakliczyn,8,627.54,"Lamb - Loin, Trimmed, Boneless"
Hekinan,10,572.91,Truffle Paste
Mococa,7,42.97,"Trout - Rainbow, Fresh"
Garisul,3,718.68,Oneshot Automatic Soap System
Gandra,6,465.29,Apple - Royal Gala
Changhua,14,459.06,Sterno - Chafing Dish Fuel
Shenshu,5,381.73,"Bread - Crumbs, Bulk"
Zamość,8,809.91,"Coconut - Shredded, Unsweet"
Laizhou,13,740.47,Wine - Rioja Campo Viejo
Toupopu,14,677.66,Kippers - Smoked
Mosteiros,5,623.0,Pears - Anjou
Guaxupé,14,886.57,Pasta - Angel Hair
Sijihong,2,195.46,"Lid - High Heat, Super Clear"
Velas,8,190.85,Honey - Liquid
Xiwei,7,766.66,Canadian Emmenthal
Tabuc Pontevedra,15,230.75,Tea - Apple Green Tea
Torres Vedras,5,549.37,Dc Hikiage Hira Huba
Markaz al Marīr,9,259.81,Veal - Liver
San Antonio,8,120.12,Wine - Saint Emilion Calvet
Middleton,14,198.82,Sping Loaded Cup Dispenser
Mojogajeh,5,38.66,Higashimaru Usukuchi Soy
Huaping,12,729.56,Crab Meat Claw Pasteurise
Dinaig,10,760.41,"Nut - Pine Nuts, Whole"
Puerto Esperanza,13,338.44,Wine - Rhine Riesling Wolf Blass
Hetang,5,244.85,Sobe - Berry Energy
Chimtāl,1,494.26,"Mushroom - Chanterelle, Dry"
Cisantri,5,599.98,Walkers Special Old Whiskey
Usab,13,742.95,Chef Hat 25cm
Qila Saifullāh,15,687.48,Wine - Riesling Dr. Pauly
Munkfors,13,235.97,Apricots Fresh
Irecê,3,434.26,Beef - Prime Rib Aaa
Hepu,3,414.62,"Wine - White, Antinore Orvieto"
Neópolis,12,596.94,Cake - Miini Cheesecake Cherry
Pontinha,14,527.77,Wine - Chateau Aqueria Tavel
Zeerust,12,819.1,Muffin Orange Individual
Mantang,1,478.15,"Chocolate - Pistoles, White"
Maindang,14,313.94,Tamarind Paste
Amangarh,5,309.48,Garbage Bags - Black
Daraitan,3,243.0,Ecolab - Hobart Upr Prewash Arm
Gornja Koprivna,5,961.77,Cream - 18%
Pamoyanan,2,592.62,Everfresh Products
Lazaro Cardenas,6,351.4,Black Currants
Xianshui,11,904.87,Cheese - Oka
Lleida,5,567.57,Wine - Gato Negro Cabernet
Tohautu,9,88.63,Straw - Regular
Surin,1,431.14,Remy Red Berry Infusion
Mnogoudobnoye,10,397.62,Artichoke - Fresh
Canis,2,279.22,Orange Roughy 4/6 Oz
Efkarpía,10,932.18,Mangostein
La Fortuna,14,138.55,Pork Casing
Calauan,6,637.51,Coffee Cup 8oz 5338cd
Tymoshivka,5,779.52,Pecan Raisin - Tarts
Bené Beraq,7,599.6,Carbonated Water - Lemon Lime
Tangshan,1,480.78,"Nut - Almond, Blanched, Ground"
Taouloukoult,7,936.4,Wine - Valpolicella Masi
Ḥurfeish,15,581.97,"Crab - Back Fin Meat, Canned"
Zuru,14,429.81,Chicken - Whole
Carice,8,499.88,"Fish - Artic Char, Cold Smoked"
Luocun,4,98.45,Spinach - Frozen
Bojongsari,2,959.78,Water - San Pellegrino
Wenquan,9,777.57,Mangoes
Santa Iria de Azóia,14,189.54,Wiberg Cure
Shibukawa,2,559.74,Soup - Campbells Pasta Fagioli
Río Sereno,8,66.68,Tomatoes Tear Drop
Mosar,4,135.49,Chocolate - Dark
Poitiers,6,504.97,Cookies Almond Hazelnut
Verkh-Usugli,5,373.17,Extract - Rum
Baicun,8,228.83,Arizona - Plum Green Tea
Santa Teresita,2,759.59,Compound - Pear
Daliu,8,268.95,"Tea - Darjeeling, Azzura"
Pingshan,11,78.51,Nantucket - Pomegranate Pear
Xuanhua,7,362.09,Coconut - Whole
Ekimchan,2,262.98,Water - Spring Water 500ml
Bourgoin-Jallieu,11,244.35,"Carrots - Mini, Stem On"
Fier,8,28.14,Momiji Oroshi Chili Sauce
Mislak,4,641.27,Flour - Pastry
Chilly-Mazarin,14,609.71,Wood Chips - Regular
Shangjin,9,669.2,Bread Crumbs - Panko
Wuluhan,6,696.38,Tumeric
Rivne,10,697.6,Chinese Foods - Plain Fried Rice
Royan,1,645.34,Pastry - Baked Cinnamon Stick
Padangsidempuan,9,514.25,Bread - Crusty Italian Poly
Poste de Flacq,7,254.11,Tea - Decaf 1 Cup
Hyesan-si,8,40.39,Beans - Wax
Ouésso,10,947.45,Almonds Ground Blanched
Sujji,10,82.47,Wine - Rosso Toscano Igt
Independencia,5,168.6,Blouse / Shirt / Sweater
Richmond,11,26.69,"Beef - Tongue, Cooked"
Columbus,14,819.86,Instant Coffee
Qarqīn,6,206.34,Avocado
Palaiochóri,15,967.23,Pastrami
Mae Wang,2,432.64,Appetizer - Assorted Box
Agogo,6,550.39,Calypso - Lemonade
Baoji,10,98.69,Squid - U 5
Addis Ababa,12,726.62,Ecolab - Hand Soap Form Antibac
Wangsi,10,567.5,Kohlrabi
Zamostochcha,11,575.79,Goat - Leg
Furmanov,15,401.72,Bar Mix - Lemon
Yushan,8,367.32,Chinese Foods - Chicken
Luodong,9,499.11,Bar - Granola Trail Mix Fruit Nut
Dahao,9,197.74,Cookie Dough - Oatmeal Rasin
Arroio do Meio,15,698.85,Sauce - Hollandaise
Paris 05,2,599.54,"Jam - Strawberry, 20 Ml Jar"
Pyin Oo Lwin,11,930.35,Nantucket - Orange Mango Cktl
Wilfrido Loor Moreira,14,606.1,Muffin Batt - Blueberry Passion
Dzhalilabad,7,385.58,Cheese - Mix
Chervonohryhorivka,4,953.14,"Coffee - Colombian, Portioned"
Hujiagou,12,218.34,Watercress
Malanville,15,600.59,"Bread - Roll, Soft White Round"
Xiaba,2,90.12,Wine - Merlot Vina Carmen
Dingqing,3,203.8,Whmis Spray Bottle Graduated
Ivanec,12,518.04,Brandy Apricot
Dolores,5,942.96,Pancetta
Quthing,14,328.27,English Muffin
Priupskiy,8,149.49,Wine - Riesling Alsace Ac 2001
Huillapima,11,58.62,Bagelers - Cinn / Brown
Tangcun,5,632.1,Wine - Jafflin Bourgongone
Kertasari,6,110.54,Lettuce - Belgian Endive
Stara Błotnica,7,340.25,Gelatine Leaves - Bulk
Al Hoceïma,7,347.38,Wine - Prem Select Charddonany
Kamenné Žehrovice,14,584.68,Cookie Dough - Chunky
Gaokan,8,426.31,Juice - Apple 284ml
Sundsvall,14,221.13,Filling - Mince Meat
Mont-de-Marsan,11,444.75,"Seedlings - Mix, Organic"
Bodø,4,848.07,Smirnoff Green Apple Twist
Kista,9,386.87,Kiwano
Vyshneye Dolgoye,10,513.29,"Veal - Leg, Provimi - 50 Lb Max"
Araal,8,360.02,"Lemonade - Kiwi, 591 Ml"
Fort Lauderdale,7,885.12,Beer - Original Organic Lager
Žitenice,4,779.94,"Pork - Butt, Boneless"
Yagoua,2,354.61,Beef - Cow Feet Split
Vysehrad,5,255.02,Tandoori Curry Paste
Dobra,6,916.01,Emulsifier
Jinta,4,704.22,Duck - Whole
Palana,15,69.52,Wine - Wyndham Estate Bin 777
Baler Baleagung,7,276.44,Wine - Lou Black Shiraz
Serikbuya,10,36.67,Cheese - Cream Cheese
Liuhu,9,43.53,"Quail - Whole, Bone - In"
Klyuchevsk,4,90.05,Shrimp - Black Tiger 26/30
Ehen Hudag,6,293.39,Sauce - Fish 25 Ozf Bottle
Zselickislak,2,584.18,Steam Pan - Half Size Deep
Liulihe,7,345.74,Onions Granulated
Foumbot,15,90.97,Melon - Cantaloupe
Psebay,9,707.07,Soup - Campbells - Chicken Noodle
Tsapêraī,12,210.72,Tofu - Firm
Perth,10,727.45,Water - Tonic
Vorontsovka,2,384.09,Chocolate - Dark Callets
Pejek,8,761.0,Pasta - Ravioli
Antas,13,573.27,"Flour - Bran, Red"
Dunhou,14,535.41,Wooden Mop Handle
Ete,10,351.62,Rice - Wild
Armavir,13,357.59,Cheese - Fontina
Same,1,57.58,Macaroons - Homestyle Two Bit
Sierakowice,8,727.93,Mints - Striped Red
Ngulahan,9,140.37,Chambord Royal
Santa Catalina Norte,11,553.19,Snapple Lemon Tea
New Plymouth,5,960.14,Bread - Italian Roll With Herbs
Langkap,12,331.5,Turkey - Oven Roast Breast
Giồng Trôm,2,268.67,Sauce - Roasted Red Pepper
Qingfeng,2,513.07,"Artichoke - Bottom, Canned"
Duwakkandung,6,214.42,Butter - Pod
Ōnojō,3,789.28,Coffee - Cafe Moreno
Jönköping,1,488.24,Roe - Flying Fish
Croix,4,561.95,Kahlua
Amado Nervo,6,559.62,Calypso - Strawberry Lemonade
Shengze,2,236.57,Sole - Fillet
Hagi,8,61.14,"Salsify, Organic"
Moerewa,15,392.15,Cheese - Comte
Qaxbaş,2,390.26,Bread - Malt
Galubakul,4,840.1,Curry Powder Madras
Málaga,2,335.59,Sage - Rubbed
Kävlinge,2,112.64,Beans - Fava Fresh
Quipot,4,287.26,"Club Soda - Schweppes, 355 Ml"
Tacheng,15,303.04,"Pepper - Red, Finger Hot"
Butel,3,37.39,Veal - Osso Bucco
Zarzis,13,796.47,Apricots Fresh
Kaliuda,12,964.23,Water - Spring Water 500ml
Quanxi,5,354.36,Soup - Campbells Broccoli
Pamotan,7,827.44,Ecolab - Balanced Fusion
San Juan de Mata,2,714.0,Crackers - Soda / Saltins
Orléans,4,707.61,Beef - Short Loin
Npongge,2,338.18,"Salt - Rock, Course"
Binulasan,12,919.85,Breadfruit
20 de Noviembre,14,428.77,Lamb - Shoulder
Évreux,12,616.14,Prunes - Pitted
Yambrasbamba,3,19.26,"Salmon - Atlantic, No Skin"
Andaray,1,167.09,Lobster - Live
Tonoas Municipal Building,14,431.21,Vinegar - Sherry
Askainen,14,521.03,Bagel - Everything
Niort,11,969.14,Bok Choy - Baby
Punta de Bombón,10,150.93,Melon - Honey Dew
Sharm el-Sheikh,8,374.17,"Lettuce - Mini Greens, Whole"
Simunul,4,362.63,Loquat
Gazanjyk,7,658.93,Bread - Italian Sesame Poly
Ribeiro,3,103.48,Eggplant - Regular
Ceelbuur,1,442.15,Peppercorns - Pink
Novais,9,368.93,"Soup - Knorr, Veg / Beef"
Chicago,7,349.09,Irish Cream - Baileys
Bayang,9,367.99,"Clams - Littleneck, Whole"
Kawalimukti,7,288.27,"Pasta - Cannelloni, Sheets, Fresh"
Palmdale,3,934.38,Towel Multifold
Zaria,4,647.93,"Artichoke - Hearts, Canned"
Aniva,12,778.04,"Tortillas - Flour, 10"
Akouda,9,339.07,"Iced Tea - Lemon, 340ml"
Zishan,3,153.65,"Pasta - Penne Primavera, Single"
Pukkila,14,305.88,Kellogs Special K Cereal
Botao,4,352.66,Capicola - Hot
Weiqi,3,968.25,Eel - Smoked
Balong,9,167.53,Pork - Suckling Pig
Log pri Brezovici,15,846.14,Cheese - Montery Jack
Douba,6,738.18,"Wine - White, Schroder And Schyl"
Sukadana Selatan,14,294.36,Beer - Corona
Manabo,13,872.93,"Stock - Beef, White"
Kallífytos,3,437.08,Venison - Racks Frenched
Taungoo,14,232.52,"Juice - V8, Tomato"
Jurm,9,113.44,Sobe - Berry Energy
Biñan,15,769.58,Cactus Pads
Duba,8,45.78,Meldea Green Tea Liquor
Postmasburg,12,468.01,Soup - Campbells Chili Veg
Jiangbei,13,53.36,Kellogs All Bran Bars
Al Jīzah,12,871.03,"Tortillas - Flour, 10"
Kindersley,9,757.35,Bread Crumbs - Japanese Style
Harrisburg,13,762.53,Pate Pans Yellow
Tutem,12,910.56,Dill Weed - Dry
Mangdang,2,320.43,Wood Chips - Regular
Bukal Sur,7,267.01,Pop - Club Soda Can
Épernay,13,13.18,"Juice - Clam, 46 Oz"
Huimin,10,428.8,Sole - Iqf
Radymno,9,199.02,Cheese - Parmesan Cubes
